ItemType,Classification,Name,Extension,RelativePath,FullPath,SizeBytes,SizeMB,Created,LastModified
Directory,Directory,archive,,archive,C:\Users\PBA96B\OneDrive - AdventHealth\Documents\DATA LINK LAYER EXTRACTION\archive,0,0.0,2026-08-17 01:02:52,2026-08-17 01:03:27
Directory,Directory,superseded_sandboxes_2026-08-17,,archive\superseded_sandboxes_2026-08-17,C:\Users\PBA96B\OneDrive - AdventHealth\Documents\DATA LINK LAYER EXTRACTION\archive\superseded_sandboxes_2026-08-17,0,0.0,2026-08-17 01:02:52,2026-08-17 01:03:27
File,LEGACY SANDBOX - DO NOT USE,sandbox.py,.py,archive\superseded_sandboxes_2026-08-17\sandbox.py,C:\Users\PBA96B\OneDrive - AdventHealth\Documents\DATA LINK LAYER EXTRACTION\archive\superseded_sandboxes_2026-08-17\sandbox.py,65408,0.0624,2026-07-22 15:49:29,2026-07-22 17:30:59
File,PYTHON SCRIPT,sandbox_old.py,.py,archive\superseded_sandboxes_2026-08-17\sandbox_old.py,C:\Users\PBA96B\OneDrive - AdventHealth\Documents\DATA LINK LAYER EXTRACTION\archive\superseded_sandboxes_2026-08-17\sandbox_old.py,69178,0.066,2026-08-14 16:31:26,2026-08-14 16:34:09
File,PYTHON SCRIPT,sandbox_updated.py,.py,archive\superseded_sandboxes_2026-08-17\sandbox_updated.py,C:\Users\PBA96B\OneDrive - AdventHealth\Documents\DATA LINK LAYER EXTRACTION\archive\superseded_sandboxes_2026-08-17\sandbox_updated.py,69090,0.0659,2026-08-14 16:31:26,2026-08-14 16:31:17
File,PYTHON SCRIPT,sandbox_updated_v2.py,.py,archive\superseded_sandboxes_2026-08-17\sandbox_updated_v2.py,C:\Users\PBA96B\OneDrive - AdventHealth\Documents\DATA LINK LAYER EXTRACTION\archive\superseded_sandboxes_2026-08-17\sandbox_updated_v2.py,11545,0.011,2026-08-14 17:36:10,2026-08-14 17:36:10
File,INVENTORY SCRIPT,create_project_inventory.py,.py,create_project_inventory.py,C:\Users\PBA96B\OneDrive - AdventHealth\Documents\DATA LINK LAYER EXTRACTION\create_project_inventory.py,10482,0.01,2026-08-17 15:25:05,2026-08-17 15:25:05
File,UNCLASSIFIED,GetAllMetricsWithLinks_response.txt,.txt,GetAllMetricsWithLinks_response.txt,C:\Users\PBA96B\OneDrive - AdventHealth\Documents\DATA LINK LAYER EXTRACTION\GetAllMetricsWithLinks_response.txt,20429,0.0195,2026-07-22 12:11:23,2026-07-22 12:11:23
Directory,Directory,html pages,,html pages,C:\Users\PBA96B\OneDrive - AdventHealth\Documents\DATA LINK LAYER EXTRACTION\html pages,0,0.0,2026-08-17 10:20:48,2026-08-17 10:23:16
File,HTML FILE,page1.html,.html,html pages\page1.html,C:\Users\PBA96B\OneDrive - AdventHealth\Documents\DATA LINK LAYER EXTRACTION\html pages\page1.html,498180,0.4751,2026-08-17 10:20:57,2026-08-17 10:20:57
File,HTML FILE,page2.html,.html,html pages\page2.html,C:\Users\PBA96B\OneDrive - AdventHealth\Documents\DATA LINK LAYER EXTRACTION\html pages\page2.html,498180,0.4751,2026-08-17 10:23:16,2026-08-17 10:23:16
File,UNCLASSIFIED,page3.txt,.txt,html pages\page3.txt,C:\Users\PBA96B\OneDrive - AdventHealth\Documents\DATA LINK LAYER EXTRACTION\html pages\page3.txt,498180,0.4751,2026-08-17 10:22:33,2026-08-17 10:22:34
Directory,Directory,output,,output,C:\Users\PBA96B\OneDrive - AdventHealth\Documents\DATA LINK LAYER EXTRACTION\output,0,0.0,2026-07-22 14:05:20,2026-08-17 09:35:58
Directory,Directory,2026-07-22_140459,,output\2026-07-22_140459,C:\Users\PBA96B\OneDrive - AdventHealth\Documents\DATA LINK LAYER EXTRACTION\output\2026-07-22_140459,0,0.0,2026-07-22 14:05:20,2026-07-22 14:10:01
File,EXTRACTION OUTPUT,vision2030_metrics_2026-07-22_140459.csv,.csv,output\2026-07-22_140459\vision2030_metrics_2026-07-22_140459.csv,C:\Users\PBA96B\OneDrive - AdventHealth\Documents\DATA LINK LAYER EXTRACTION\output\2026-07-22_140459\vision2030_metrics_2026-07-22_140459.csv,3461090,3.3008,2026-07-22 14:05:43,2026-07-22 14:05:43
File,EXTRACTION OUTPUT,vision2030_raw_2026-07-22_140459.json,.json,output\2026-07-22_140459\vision2030_raw_2026-07-22_140459.json,C:\Users\PBA96B\OneDrive - AdventHealth\Documents\DATA LINK LAYER EXTRACTION\output\2026-07-22_140459\vision2030_raw_2026-07-22_140459.json,15872402,15.1371,2026-07-22 14:05:43,2026-07-22 14:05:43
Directory,Directory,2026-07-22_144233,,output\2026-07-22_144233,C:\Users\PBA96B\OneDrive - AdventHealth\Documents\DATA LINK LAYER EXTRACTION\output\2026-07-22_144233,0,0.0,2026-07-22 14:42:34,2026-07-22 14:43:02
File,EXTRACTION OUTPUT,vision2030_business_table_2026-07-22_144233.csv,.csv,output\2026-07-22_144233\vision2030_business_table_2026-07-22_144233.csv,C:\Users\PBA96B\OneDrive - AdventHealth\Documents\DATA LINK LAYER EXTRACTION\output\2026-07-22_144233\vision2030_business_table_2026-07-22_144233.csv,2058,0.002,2026-07-22 14:42:52,2026-07-22 14:42:52
File,EXTRACTION OUTPUT,vision2030_metrics_2026-07-22_144233.csv,.csv,output\2026-07-22_144233\vision2030_metrics_2026-07-22_144233.csv,C:\Users\PBA96B\OneDrive - AdventHealth\Documents\DATA LINK LAYER EXTRACTION\output\2026-07-22_144233\vision2030_metrics_2026-07-22_144233.csv,3454128,3.2941,2026-07-22 14:42:52,2026-07-22 14:42:52
File,EXTRACTION OUTPUT,vision2030_raw_2026-07-22_144233.json,.json,output\2026-07-22_144233\vision2030_raw_2026-07-22_144233.json,C:\Users\PBA96B\OneDrive - AdventHealth\Documents\DATA LINK LAYER EXTRACTION\output\2026-07-22_144233\vision2030_raw_2026-07-22_144233.json,15865440,15.1305,2026-07-22 14:42:52,2026-07-22 14:42:52
Directory,Directory,2026-07-22_151549,,output\2026-07-22_151549,C:\Users\PBA96B\OneDrive - AdventHealth\Documents\DATA LINK LAYER EXTRACTION\output\2026-07-22_151549,0,0.0,2026-07-22 15:15:49,2026-07-22 15:26:11
File,EXTRACTION OUTPUT,vision2030_business_table_2026-07-22_151549.csv,.csv,output\2026-07-22_151549\vision2030_business_table_2026-07-22_151549.csv,C:\Users\PBA96B\OneDrive - AdventHealth\Documents\DATA LINK LAYER EXTRACTION\output\2026-07-22_151549\vision2030_business_table_2026-07-22_151549.csv,2192,0.0021,2026-07-22 15:16:20,2026-07-22 15:26:11
File,EXTRACTION OUTPUT,vision2030_metrics_raw_2026-07-22_151549.csv,.csv,output\2026-07-22_151549\vision2030_metrics_raw_2026-07-22_151549.csv,C:\Users\PBA96B\OneDrive - AdventHealth\Documents\DATA LINK LAYER EXTRACTION\output\2026-07-22_151549\vision2030_metrics_raw_2026-07-22_151549.csv,3434633,3.2755,2026-07-22 15:16:20,2026-07-22 15:16:20
File,EXTRACTION OUTPUT,vision2030_raw_2026-07-22_151549.json,.json,output\2026-07-22_151549\vision2030_raw_2026-07-22_151549.json,C:\Users\PBA96B\OneDrive - AdventHealth\Documents\DATA LINK LAYER EXTRACTION\output\2026-07-22_151549\vision2030_raw_2026-07-22_151549.json,15756394,15.0265,2026-07-22 15:16:20,2026-07-22 15:16:20
Directory,Directory,2026-07-22_153443,,output\2026-07-22_153443,C:\Users\PBA96B\OneDrive - AdventHealth\Documents\DATA LINK LAYER EXTRACTION\output\2026-07-22_153443,0,0.0,2026-07-22 15:34:49,2026-07-22 15:36:19
File,EXTRACTION OUTPUT,vision2030_business_table_2026-07-22_153443.csv,.csv,output\2026-07-22_153443\vision2030_business_table_2026-07-22_153443.csv,C:\Users\PBA96B\OneDrive - AdventHealth\Documents\DATA LINK LAYER EXTRACTION\output\2026-07-22_153443\vision2030_business_table_2026-07-22_153443.csv,2209,0.0021,2026-07-22 15:35:14,2026-07-22 15:35:14
File,EXTRACTION OUTPUT,vision2030_business_table_2026-07-22_153443.xlsx,.xlsx,output\2026-07-22_153443\vision2030_business_table_2026-07-22_153443.xlsx,C:\Users\PBA96B\OneDrive - AdventHealth\Documents\DATA LINK LAYER EXTRACTION\output\2026-07-22_153443\vision2030_business_table_2026-07-22_153443.xlsx,6909,0.0066,2026-07-22 15:35:14,2026-07-22 15:35:14
File,EXTRACTION OUTPUT,vision2030_metrics_raw_2026-07-22_153443.csv,.csv,output\2026-07-22_153443\vision2030_metrics_raw_2026-07-22_153443.csv,C:\Users\PBA96B\OneDrive - AdventHealth\Documents\DATA LINK LAYER EXTRACTION\output\2026-07-22_153443\vision2030_metrics_raw_2026-07-22_153443.csv,3434633,3.2755,2026-07-22 15:35:14,2026-07-22 15:35:14
File,EXTRACTION OUTPUT,vision2030_raw_2026-07-22_153443.json,.json,output\2026-07-22_153443\vision2030_raw_2026-07-22_153443.json,C:\Users\PBA96B\OneDrive - AdventHealth\Documents\DATA LINK LAYER EXTRACTION\output\2026-07-22_153443\vision2030_raw_2026-07-22_153443.json,15756394,15.0265,2026-07-22 15:35:14,2026-07-22 15:35:14
Directory,Directory,2026-07-22_153950,,output\2026-07-22_153950,C:\Users\PBA96B\OneDrive - AdventHealth\Documents\DATA LINK LAYER EXTRACTION\output\2026-07-22_153950,0,0.0,2026-07-22 15:39:51,2026-07-22 15:41:17
File,EXTRACTION OUTPUT,vision2030_business_table_2026-07-22_153950.xlsx,.xlsx,output\2026-07-22_153950\vision2030_business_table_2026-07-22_153950.xlsx,C:\Users\PBA96B\OneDrive - AdventHealth\Documents\DATA LINK LAYER EXTRACTION\output\2026-07-22_153950\vision2030_business_table_2026-07-22_153950.xlsx,6908,0.0066,2026-07-22 15:40:14,2026-07-22 15:40:14
File,EXTRACTION OUTPUT,vision2030_metrics_raw_2026-07-22_153950.csv,.csv,output\2026-07-22_153950\vision2030_metrics_raw_2026-07-22_153950.csv,C:\Users\PBA96B\OneDrive - AdventHealth\Documents\DATA LINK LAYER EXTRACTION\output\2026-07-22_153950\vision2030_metrics_raw_2026-07-22_153950.csv,3434633,3.2755,2026-07-22 15:40:14,2026-07-22 15:40:14
File,EXTRACTION OUTPUT,vision2030_raw_2026-07-22_153950.json,.json,output\2026-07-22_153950\vision2030_raw_2026-07-22_153950.json,C:\Users\PBA96B\OneDrive - AdventHealth\Documents\DATA LINK LAYER EXTRACTION\output\2026-07-22_153950\vision2030_raw_2026-07-22_153950.json,15756394,15.0265,2026-07-22 15:40:14,2026-07-22 15:40:14
Directory,Directory,2026-07-22_162712,,output\2026-07-22_162712,C:\Users\PBA96B\OneDrive - AdventHealth\Documents\DATA LINK LAYER EXTRACTION\output\2026-07-22_162712,0,0.0,2026-07-22 16:27:12,2026-07-22 16:34:17
File,EXTRACTION OUTPUT,vision2030_business_table_2026-07-22_162712.xlsx,.xlsx,output\2026-07-22_162712\vision2030_business_table_2026-07-22_162712.xlsx,C:\Users\PBA96B\OneDrive - AdventHealth\Documents\DATA LINK LAYER EXTRACTION\output\2026-07-22_162712\vision2030_business_table_2026-07-22_162712.xlsx,763118,0.7278,2026-07-22 16:27:39,2026-07-22 16:34:17
File,EXTRACTION OUTPUT,vision2030_metrics_raw_2026-07-22_162712.csv,.csv,output\2026-07-22_162712\vision2030_metrics_raw_2026-07-22_162712.csv,C:\Users\PBA96B\OneDrive - AdventHealth\Documents\DATA LINK LAYER EXTRACTION\output\2026-07-22_162712\vision2030_metrics_raw_2026-07-22_162712.csv,3434633,3.2755,2026-07-22 16:27:29,2026-07-22 16:27:29
File,EXTRACTION OUTPUT,vision2030_raw_2026-07-22_162712.json,.json,output\2026-07-22_162712\vision2030_raw_2026-07-22_162712.json,C:\Users\PBA96B\OneDrive - AdventHealth\Documents\DATA LINK LAYER EXTRACTION\output\2026-07-22_162712\vision2030_raw_2026-07-22_162712.json,15756394,15.0265,2026-07-22 16:27:29,2026-07-22 16:27:29
Directory,Directory,2026-07-22_170741,,output\2026-07-22_170741,C:\Users\PBA96B\OneDrive - AdventHealth\Documents\DATA LINK LAYER EXTRACTION\output\2026-07-22_170741,0,0.0,2026-07-22 17:07:42,2026-07-22 17:11:19
File,EXTRACTION OUTPUT,vision2030_business_table_2026-07-22_170741.xlsx,.xlsx,output\2026-07-22_170741\vision2030_business_table_2026-07-22_170741.xlsx,C:\Users\PBA96B\OneDrive - AdventHealth\Documents\DATA LINK LAYER EXTRACTION\output\2026-07-22_170741\vision2030_business_table_2026-07-22_170741.xlsx,417485,0.3981,2026-07-22 17:09:21,2026-07-22 17:11:20
File,EXTRACTION OUTPUT,vision2030_metrics_raw_2026-07-22_170741.csv,.csv,output\2026-07-22_170741\vision2030_metrics_raw_2026-07-22_170741.csv,C:\Users\PBA96B\OneDrive - AdventHealth\Documents\DATA LINK LAYER EXTRACTION\output\2026-07-22_170741\vision2030_metrics_raw_2026-07-22_170741.csv,3434629,3.2755,2026-07-22 17:09:15,2026-07-22 17:09:16
File,EXTRACTION OUTPUT,vision2030_raw_2026-07-22_170741.json,.json,output\2026-07-22_170741\vision2030_raw_2026-07-22_170741.json,C:\Users\PBA96B\OneDrive - AdventHealth\Documents\DATA LINK LAYER EXTRACTION\output\2026-07-22_170741\vision2030_raw_2026-07-22_170741.json,15756390,15.0265,2026-07-22 17:09:15,2026-07-22 17:09:15
Directory,Directory,2026-07-22_172837,,output\2026-07-22_172837,C:\Users\PBA96B\OneDrive - AdventHealth\Documents\DATA LINK LAYER EXTRACTION\output\2026-07-22_172837,0,0.0,2026-07-22 17:28:37,2026-07-22 17:29:05
Directory,Directory,2026-07-22_172902,,output\2026-07-22_172902,C:\Users\PBA96B\OneDrive - AdventHealth\Documents\DATA LINK LAYER EXTRACTION\output\2026-07-22_172902,0,0.0,2026-07-22 17:29:02,2026-07-22 17:29:23
File,EXTRACTION OUTPUT,vision2030_metrics_raw_2026-07-22_172902.csv,.csv,output\2026-07-22_172902\vision2030_metrics_raw_2026-07-22_172902.csv,C:\Users\PBA96B\OneDrive - AdventHealth\Documents\DATA LINK LAYER EXTRACTION\output\2026-07-22_172902\vision2030_metrics_raw_2026-07-22_172902.csv,3434633,3.2755,2026-07-22 17:29:23,2026-07-22 17:29:23
File,EXTRACTION OUTPUT,vision2030_raw_2026-07-22_172902.json,.json,output\2026-07-22_172902\vision2030_raw_2026-07-22_172902.json,C:\Users\PBA96B\OneDrive - AdventHealth\Documents\DATA LINK LAYER EXTRACTION\output\2026-07-22_172902\vision2030_raw_2026-07-22_172902.json,15756394,15.0265,2026-07-22 17:29:23,2026-07-22 17:29:23
Directory,Directory,2026-07-22_173112,,output\2026-07-22_173112,C:\Users\PBA96B\OneDrive - AdventHealth\Documents\DATA LINK LAYER EXTRACTION\output\2026-07-22_173112,0,0.0,2026-07-22 17:31:12,2026-07-22 17:31:47
File,EXTRACTION OUTPUT,vision2030_business_table_2026-07-22_173112.xlsx,.xlsx,output\2026-07-22_173112\vision2030_business_table_2026-07-22_173112.xlsx,C:\Users\PBA96B\OneDrive - AdventHealth\Documents\DATA LINK LAYER EXTRACTION\output\2026-07-22_173112\vision2030_business_table_2026-07-22_173112.xlsx,12457,0.0119,2026-07-22 17:31:35,2026-07-22 17:32:05
File,EXTRACTION OUTPUT,vision2030_metrics_raw_2026-07-22_173112.csv,.csv,output\2026-07-22_173112\vision2030_metrics_raw_2026-07-22_173112.csv,C:\Users\PBA96B\OneDrive - AdventHealth\Documents\DATA LINK LAYER EXTRACTION\output\2026-07-22_173112\vision2030_metrics_raw_2026-07-22_173112.csv,3434633,3.2755,2026-07-22 17:31:35,2026-07-22 17:31:35
File,EXTRACTION OUTPUT,vision2030_raw_2026-07-22_173112.json,.json,output\2026-07-22_173112\vision2030_raw_2026-07-22_173112.json,C:\Users\PBA96B\OneDrive - AdventHealth\Documents\DATA LINK LAYER EXTRACTION\output\2026-07-22_173112\vision2030_raw_2026-07-22_173112.json,15756394,15.0265,2026-07-22 17:31:35,2026-07-22 17:31:35
Directory,Directory,2026-07-22_174058,,output\2026-07-22_174058,C:\Users\PBA96B\OneDrive - AdventHealth\Documents\DATA LINK LAYER EXTRACTION\output\2026-07-22_174058,0,0.0,2026-07-22 17:40:58,2026-07-22 17:42:08
File,EXTRACTION OUTPUT,vision2030_business_table_2026-07-22_174058.xlsx,.xlsx,output\2026-07-22_174058\vision2030_business_table_2026-07-22_174058.xlsx,C:\Users\PBA96B\OneDrive - AdventHealth\Documents\DATA LINK LAYER EXTRACTION\output\2026-07-22_174058\vision2030_business_table_2026-07-22_174058.xlsx,415931,0.3967,2026-07-22 17:42:08,2026-07-22 17:42:09
File,EXTRACTION OUTPUT,vision2030_metrics_raw_2026-07-22_174058.csv,.csv,output\2026-07-22_174058\vision2030_metrics_raw_2026-07-22_174058.csv,C:\Users\PBA96B\OneDrive - AdventHealth\Documents\DATA LINK LAYER EXTRACTION\output\2026-07-22_174058\vision2030_metrics_raw_2026-07-22_174058.csv,3434633,3.2755,2026-07-22 17:42:00,2026-07-22 17:42:00
File,EXTRACTION OUTPUT,vision2030_raw_2026-07-22_174058.json,.json,output\2026-07-22_174058\vision2030_raw_2026-07-22_174058.json,C:\Users\PBA96B\OneDrive - AdventHealth\Documents\DATA LINK LAYER EXTRACTION\output\2026-07-22_174058\vision2030_raw_2026-07-22_174058.json,15756394,15.0265,2026-07-22 17:42:00,2026-07-22 17:42:00
Directory,Directory,2026-07-22_180442,,output\2026-07-22_180442,C:\Users\PBA96B\OneDrive - AdventHealth\Documents\DATA LINK LAYER EXTRACTION\output\2026-07-22_180442,0,0.0,2026-07-22 18:04:42,2026-07-22 18:12:24
File,EXTRACTION OUTPUT,vision2030_business_table_2026-07-22_180442.xlsx,.xlsx,output\2026-07-22_180442\vision2030_business_table_2026-07-22_180442.xlsx,C:\Users\PBA96B\OneDrive - AdventHealth\Documents\DATA LINK LAYER EXTRACTION\output\2026-07-22_180442\vision2030_business_table_2026-07-22_180442.xlsx,427169,0.4074,2026-07-22 18:07:03,2026-07-22 18:12:24
File,EXTRACTION OUTPUT,vision2030_metrics_raw_2026-07-22_180442.csv,.csv,output\2026-07-22_180442\vision2030_metrics_raw_2026-07-22_180442.csv,C:\Users\PBA96B\OneDrive - AdventHealth\Documents\DATA LINK LAYER EXTRACTION\output\2026-07-22_180442\vision2030_metrics_raw_2026-07-22_180442.csv,3434633,3.2755,2026-07-22 18:06:58,2026-07-22 18:06:58
File,EXTRACTION OUTPUT,vision2030_raw_2026-07-22_180442.json,.json,output\2026-07-22_180442\vision2030_raw_2026-07-22_180442.json,C:\Users\PBA96B\OneDrive - AdventHealth\Documents\DATA LINK LAYER EXTRACTION\output\2026-07-22_180442\vision2030_raw_2026-07-22_180442.json,15756394,15.0265,2026-07-22 18:06:58,2026-07-22 18:06:58
Directory,Directory,2026-08-14_094137,,output\2026-08-14_094137,C:\Users\PBA96B\OneDrive - AdventHealth\Documents\DATA LINK LAYER EXTRACTION\output\2026-08-14_094137,0,0.0,2026-08-14 09:43:13,2026-08-14 09:46:26
File,EXTRACTION OUTPUT,vision2030_business_table_2026-08-14_094137.xlsx,.xlsx,output\2026-08-14_094137\vision2030_business_table_2026-08-14_094137.xlsx,C:\Users\PBA96B\OneDrive - AdventHealth\Documents\DATA LINK LAYER EXTRACTION\output\2026-08-14_094137\vision2030_business_table_2026-08-14_094137.xlsx,6919,0.0066,2026-08-14 09:46:26,2026-08-14 09:46:49
File,EXTRACTION OUTPUT,vision2030_metrics_raw_2026-08-14_094137.csv,.csv,output\2026-08-14_094137\vision2030_metrics_raw_2026-08-14_094137.csv,C:\Users\PBA96B\OneDrive - AdventHealth\Documents\DATA LINK LAYER EXTRACTION\output\2026-08-14_094137\vision2030_metrics_raw_2026-08-14_094137.csv,3497943,3.3359,2026-08-14 09:46:26,2026-08-14 09:46:26
File,EXTRACTION OUTPUT,vision2030_raw_2026-08-14_094137.json,.json,output\2026-08-14_094137\vision2030_raw_2026-08-14_094137.json,C:\Users\PBA96B\OneDrive - AdventHealth\Documents\DATA LINK LAYER EXTRACTION\output\2026-08-14_094137\vision2030_raw_2026-08-14_094137.json,16057032,15.3132,2026-08-14 09:46:26,2026-08-14 09:46:26
Directory,Directory,2026-08-14_100212,,output\2026-08-14_100212,C:\Users\PBA96B\OneDrive - AdventHealth\Documents\DATA LINK LAYER EXTRACTION\output\2026-08-14_100212,0,0.0,2026-08-14 10:02:13,2026-08-14 15:36:33
File,EXTRACTION OUTPUT,vision2030_business_table_2026-08-14_100212.xlsx,.xlsx,output\2026-08-14_100212\vision2030_business_table_2026-08-14_100212.xlsx,C:\Users\PBA96B\OneDrive - AdventHealth\Documents\DATA LINK LAYER EXTRACTION\output\2026-08-14_100212\vision2030_business_table_2026-08-14_100212.xlsx,431565,0.4116,2026-08-14 10:02:35,2026-08-14 15:36:33
File,EXTRACTION OUTPUT,vision2030_metrics_raw_2026-08-14_100212.csv,.csv,output\2026-08-14_100212\vision2030_metrics_raw_2026-08-14_100212.csv,C:\Users\PBA96B\OneDrive - AdventHealth\Documents\DATA LINK LAYER EXTRACTION\output\2026-08-14_100212\vision2030_metrics_raw_2026-08-14_100212.csv,3497943,3.3359,2026-08-14 10:02:29,2026-08-14 10:02:29
File,EXTRACTION OUTPUT,vision2030_raw_2026-08-14_100212.json,.json,output\2026-08-14_100212\vision2030_raw_2026-08-14_100212.json,C:\Users\PBA96B\OneDrive - AdventHealth\Documents\DATA LINK LAYER EXTRACTION\output\2026-08-14_100212\vision2030_raw_2026-08-14_100212.json,16057032,15.3132,2026-08-14 10:02:29,2026-08-14 10:02:29
Directory,Directory,2026-08-14_154057,,output\2026-08-14_154057,C:\Users\PBA96B\OneDrive - AdventHealth\Documents\DATA LINK LAYER EXTRACTION\output\2026-08-14_154057,0,0.0,2026-08-14 15:40:58,2026-08-14 15:41:37
Directory,Directory,2026-08-14_163143,,output\2026-08-14_163143,C:\Users\PBA96B\OneDrive - AdventHealth\Documents\DATA LINK LAYER EXTRACTION\output\2026-08-14_163143,0,0.0,2026-08-14 16:31:44,2026-08-14 16:32:22
File,EXTRACTION OUTPUT,vision2030_metrics_raw_2026-08-14_163143.csv,.csv,output\2026-08-14_163143\vision2030_metrics_raw_2026-08-14_163143.csv,C:\Users\PBA96B\OneDrive - AdventHealth\Documents\DATA LINK LAYER EXTRACTION\output\2026-08-14_163143\vision2030_metrics_raw_2026-08-14_163143.csv,3518134,3.3552,2026-08-14 16:32:19,2026-08-14 16:32:19
File,EXTRACTION OUTPUT,vision2030_raw_2026-08-14_163143.json,.json,output\2026-08-14_163143\vision2030_raw_2026-08-14_163143.json,C:\Users\PBA96B\OneDrive - AdventHealth\Documents\DATA LINK LAYER EXTRACTION\output\2026-08-14_163143\vision2030_raw_2026-08-14_163143.json,16152025,15.4038,2026-08-14 16:32:19,2026-08-14 16:32:19
Directory,Directory,2026-08-14_163435,,output\2026-08-14_163435,C:\Users\PBA96B\OneDrive - AdventHealth\Documents\DATA LINK LAYER EXTRACTION\output\2026-08-14_163435,0,0.0,2026-08-14 16:34:36,2026-08-14 17:21:46
File,EXTRACTION OUTPUT,division_mapping_audit_2026-08-14_163435.csv,.csv,output\2026-08-14_163435\division_mapping_audit_2026-08-14_163435.csv,C:\Users\PBA96B\OneDrive - AdventHealth\Documents\DATA LINK LAYER EXTRACTION\output\2026-08-14_163435\division_mapping_audit_2026-08-14_163435.csv,2530099,2.4129,2026-08-14 16:35:00,2026-08-14 16:35:00
File,EXTRACTION OUTPUT,vision2030_business_table_2026-08-14_163435.xlsx,.xlsx,output\2026-08-14_163435\vision2030_business_table_2026-08-14_163435.xlsx,C:\Users\PBA96B\OneDrive - AdventHealth\Documents\DATA LINK LAYER EXTRACTION\output\2026-08-14_163435\vision2030_business_table_2026-08-14_163435.xlsx,437026,0.4168,2026-08-14 16:34:59,2026-08-14 17:21:47
File,EXTRACTION OUTPUT,vision2030_metrics_raw_2026-08-14_163435.csv,.csv,output\2026-08-14_163435\vision2030_metrics_raw_2026-08-14_163435.csv,C:\Users\PBA96B\OneDrive - AdventHealth\Documents\DATA LINK LAYER EXTRACTION\output\2026-08-14_163435\vision2030_metrics_raw_2026-08-14_163435.csv,3518134,3.3552,2026-08-14 16:34:53,2026-08-14 16:34:53
File,EXTRACTION OUTPUT,vision2030_raw_2026-08-14_163435.json,.json,output\2026-08-14_163435\vision2030_raw_2026-08-14_163435.json,C:\Users\PBA96B\OneDrive - AdventHealth\Documents\DATA LINK LAYER EXTRACTION\output\2026-08-14_163435\vision2030_raw_2026-08-14_163435.json,16152025,15.4038,2026-08-14 16:34:53,2026-08-14 16:34:53
Directory,Directory,2026-08-14_174940,,output\2026-08-14_174940,C:\Users\PBA96B\OneDrive - AdventHealth\Documents\DATA LINK LAYER EXTRACTION\output\2026-08-14_174940,0,0.0,2026-08-14 17:49:41,2026-08-14 17:50:19
Directory,Directory,2026-08-14_175014,,output\2026-08-14_175014,C:\Users\PBA96B\OneDrive - AdventHealth\Documents\DATA LINK LAYER EXTRACTION\output\2026-08-14_175014,0,0.0,2026-08-14 17:50:14,2026-08-14 17:50:42
File,EXTRACTION OUTPUT,vision2030_metrics_raw_2026-08-14_175014.csv,.csv,output\2026-08-14_175014\vision2030_metrics_raw_2026-08-14_175014.csv,C:\Users\PBA96B\OneDrive - AdventHealth\Documents\DATA LINK LAYER EXTRACTION\output\2026-08-14_175014\vision2030_metrics_raw_2026-08-14_175014.csv,3518134,3.3552,2026-08-14 17:50:36,2026-08-14 17:50:36
File,EXTRACTION OUTPUT,vision2030_raw_2026-08-14_175014.json,.json,output\2026-08-14_175014\vision2030_raw_2026-08-14_175014.json,C:\Users\PBA96B\OneDrive - AdventHealth\Documents\DATA LINK LAYER EXTRACTION\output\2026-08-14_175014\vision2030_raw_2026-08-14_175014.json,16152025,15.4038,2026-08-14 17:50:36,2026-08-14 17:50:36
Directory,Directory,2026-08-14_175346,,output\2026-08-14_175346,C:\Users\PBA96B\OneDrive - AdventHealth\Documents\DATA LINK LAYER EXTRACTION\output\2026-08-14_175346,0,0.0,2026-08-14 17:53:47,2026-08-14 17:54:19
File,EXTRACTION OUTPUT,division_mapping_audit_2026-08-14_175346.csv,.csv,output\2026-08-14_175346\division_mapping_audit_2026-08-14_175346.csv,C:\Users\PBA96B\OneDrive - AdventHealth\Documents\DATA LINK LAYER EXTRACTION\output\2026-08-14_175346\division_mapping_audit_2026-08-14_175346.csv,2492886,2.3774,2026-08-14 17:54:10,2026-08-14 17:54:10
File,EXTRACTION OUTPUT,vision2030_business_table_2026-08-14_175346.xlsx,.xlsx,output\2026-08-14_175346\vision2030_business_table_2026-08-14_175346.xlsx,C:\Users\PBA96B\OneDrive - AdventHealth\Documents\DATA LINK LAYER EXTRACTION\output\2026-08-14_175346\vision2030_business_table_2026-08-14_175346.xlsx,416397,0.3971,2026-08-14 17:54:09,2026-08-14 17:54:10
File,EXTRACTION OUTPUT,vision2030_metrics_raw_2026-08-14_175346.csv,.csv,output\2026-08-14_175346\vision2030_metrics_raw_2026-08-14_175346.csv,C:\Users\PBA96B\OneDrive - AdventHealth\Documents\DATA LINK LAYER EXTRACTION\output\2026-08-14_175346\vision2030_metrics_raw_2026-08-14_175346.csv,3518134,3.3552,2026-08-14 17:54:03,2026-08-14 17:54:04
File,EXTRACTION OUTPUT,vision2030_raw_2026-08-14_175346.json,.json,output\2026-08-14_175346\vision2030_raw_2026-08-14_175346.json,C:\Users\PBA96B\OneDrive - AdventHealth\Documents\DATA LINK LAYER EXTRACTION\output\2026-08-14_175346\vision2030_raw_2026-08-14_175346.json,16152025,15.4038,2026-08-14 17:54:03,2026-08-14 17:54:03
Directory,Directory,2026-08-17_005725,,output\2026-08-17_005725,C:\Users\PBA96B\OneDrive - AdventHealth\Documents\DATA LINK LAYER EXTRACTION\output\2026-08-17_005725,0,0.0,2026-08-17 00:57:26,2026-08-17 01:11:46
File,EXTRACTION OUTPUT,division_mapping_audit_2026-08-17_005725.csv,.csv,output\2026-08-17_005725\division_mapping_audit_2026-08-17_005725.csv,C:\Users\PBA96B\OneDrive - AdventHealth\Documents\DATA LINK LAYER EXTRACTION\output\2026-08-17_005725\division_mapping_audit_2026-08-17_005725.csv,2492886,2.3774,2026-08-17 00:58:06,2026-08-17 00:58:06
File,EXTRACTION OUTPUT,vision2030_business_table_2026-08-17_005725.xlsx,.xlsx,output\2026-08-17_005725\vision2030_business_table_2026-08-17_005725.xlsx,C:\Users\PBA96B\OneDrive - AdventHealth\Documents\DATA LINK LAYER EXTRACTION\output\2026-08-17_005725\vision2030_business_table_2026-08-17_005725.xlsx,435992,0.4158,2026-08-17 00:58:05,2026-08-17 01:11:46
File,EXTRACTION OUTPUT,vision2030_metrics_raw_2026-08-17_005725.csv,.csv,output\2026-08-17_005725\vision2030_metrics_raw_2026-08-17_005725.csv,C:\Users\PBA96B\OneDrive - AdventHealth\Documents\DATA LINK LAYER EXTRACTION\output\2026-08-17_005725\vision2030_metrics_raw_2026-08-17_005725.csv,3511042,3.3484,2026-08-17 00:57:56,2026-08-17 00:57:56
File,EXTRACTION OUTPUT,vision2030_raw_2026-08-17_005725.json,.json,output\2026-08-17_005725\vision2030_raw_2026-08-17_005725.json,C:\Users\PBA96B\OneDrive - AdventHealth\Documents\DATA LINK LAYER EXTRACTION\output\2026-08-17_005725\vision2030_raw_2026-08-17_005725.json,16144933,15.397,2026-08-17 00:57:56,2026-08-17 00:57:56
Directory,Directory,2026-08-17_012255,,output\2026-08-17_012255,C:\Users\PBA96B\OneDrive - AdventHealth\Documents\DATA LINK LAYER EXTRACTION\output\2026-08-17_012255,0,0.0,2026-08-17 01:22:55,2026-08-17 01:23:29
File,EXTRACTION OUTPUT,vision2030_metrics_raw_2026-08-17_012255.csv,.csv,output\2026-08-17_012255\vision2030_metrics_raw_2026-08-17_012255.csv,C:\Users\PBA96B\OneDrive - AdventHealth\Documents\DATA LINK LAYER EXTRACTION\output\2026-08-17_012255\vision2030_metrics_raw_2026-08-17_012255.csv,3511050,3.3484,2026-08-17 01:23:20,2026-08-17 01:23:20
File,EXTRACTION OUTPUT,vision2030_raw_2026-08-17_012255.json,.json,output\2026-08-17_012255\vision2030_raw_2026-08-17_012255.json,C:\Users\PBA96B\OneDrive - AdventHealth\Documents\DATA LINK LAYER EXTRACTION\output\2026-08-17_012255\vision2030_raw_2026-08-17_012255.json,16144941,15.397,2026-08-17 01:23:20,2026-08-17 01:23:20
Directory,Directory,2026-08-17_012508,,output\2026-08-17_012508,C:\Users\PBA96B\OneDrive - AdventHealth\Documents\DATA LINK LAYER EXTRACTION\output\2026-08-17_012508,0,0.0,2026-08-17 01:25:08,2026-08-17 01:28:19
File,EXTRACTION OUTPUT,division_mapping_audit_2026-08-17_012508.csv,.csv,output\2026-08-17_012508\division_mapping_audit_2026-08-17_012508.csv,C:\Users\PBA96B\OneDrive - AdventHealth\Documents\DATA LINK LAYER EXTRACTION\output\2026-08-17_012508\division_mapping_audit_2026-08-17_012508.csv,5328999,5.0821,2026-08-17 01:28:19,2026-08-17 01:28:19
File,EXTRACTION OUTPUT,vision2030_business_table_2026-08-17_012508.xlsx,.xlsx,output\2026-08-17_012508\vision2030_business_table_2026-08-17_012508.xlsx,C:\Users\PBA96B\OneDrive - AdventHealth\Documents\DATA LINK LAYER EXTRACTION\output\2026-08-17_012508\vision2030_business_table_2026-08-17_012508.xlsx,418745,0.3993,2026-08-17 01:28:18,2026-08-17 01:28:19
File,EXTRACTION OUTPUT,vision2030_metrics_raw_2026-08-17_012508.csv,.csv,output\2026-08-17_012508\vision2030_metrics_raw_2026-08-17_012508.csv,C:\Users\PBA96B\OneDrive - AdventHealth\Documents\DATA LINK LAYER EXTRACTION\output\2026-08-17_012508\vision2030_metrics_raw_2026-08-17_012508.csv,3511050,3.3484,2026-08-17 01:28:11,2026-08-17 01:28:11
File,EXTRACTION OUTPUT,vision2030_raw_2026-08-17_012508.json,.json,output\2026-08-17_012508\vision2030_raw_2026-08-17_012508.json,C:\Users\PBA96B\OneDrive - AdventHealth\Documents\DATA LINK LAYER EXTRACTION\output\2026-08-17_012508\vision2030_raw_2026-08-17_012508.json,16144941,15.397,2026-08-17 01:28:11,2026-08-17 01:28:11
Directory,Directory,2026-08-17_093557,,output\2026-08-17_093557,C:\Users\PBA96B\OneDrive - AdventHealth\Documents\DATA LINK LAYER EXTRACTION\output\2026-08-17_093557,0,0.0,2026-08-17 09:35:58,2026-08-17 09:44:34
File,EXTRACTION OUTPUT,division_mapping_audit_2026-08-17_093557.csv,.csv,output\2026-08-17_093557\division_mapping_audit_2026-08-17_093557.csv,C:\Users\PBA96B\OneDrive - AdventHealth\Documents\DATA LINK LAYER EXTRACTION\output\2026-08-17_093557\division_mapping_audit_2026-08-17_093557.csv,5328999,5.0821,2026-08-17 09:36:26,2026-08-17 09:36:27
File,EXTRACTION OUTPUT,vision2030_business_table_2026-08-17_093557.xlsx,.xlsx,output\2026-08-17_093557\vision2030_business_table_2026-08-17_093557.xlsx,C:\Users\PBA96B\OneDrive - AdventHealth\Documents\DATA LINK LAYER EXTRACTION\output\2026-08-17_093557\vision2030_business_table_2026-08-17_093557.xlsx,437725,0.4174,2026-08-17 09:36:25,2026-08-17 09:44:35
File,EXTRACTION OUTPUT,vision2030_metrics_raw_2026-08-17_093557.csv,.csv,output\2026-08-17_093557\vision2030_metrics_raw_2026-08-17_093557.csv,C:\Users\PBA96B\OneDrive - AdventHealth\Documents\DATA LINK LAYER EXTRACTION\output\2026-08-17_093557\vision2030_metrics_raw_2026-08-17_093557.csv,3518134,3.3552,2026-08-17 09:36:18,2026-08-17 09:36:18
File,EXTRACTION OUTPUT,vision2030_raw_2026-08-17_093557.json,.json,output\2026-08-17_093557\vision2030_raw_2026-08-17_093557.json,C:\Users\PBA96B\OneDrive - AdventHealth\Documents\DATA LINK LAYER EXTRACTION\output\2026-08-17_093557\vision2030_raw_2026-08-17_093557.json,16152025,15.4038,2026-08-17 09:36:18,2026-08-17 09:36:18
File,UNCLASSIFIED,page 1.txt,.txt,page 1.txt,C:\Users\PBA96B\OneDrive - AdventHealth\Documents\DATA LINK LAYER EXTRACTION\page 1.txt,485778,0.4633,2026-08-17 11:38:34,2026-08-17 11:38:35
File,UNCLASSIFIED,page 2.txt,.txt,page 2.txt,C:\Users\PBA96B\OneDrive - AdventHealth\Documents\DATA LINK LAYER EXTRACTION\page 2.txt,518356,0.4943,2026-08-17 11:48:55,2026-08-17 11:48:55
File,UNCLASSIFIED,page 3.txt,.txt,page 3.txt,C:\Users\PBA96B\OneDrive - AdventHealth\Documents\DATA LINK LAYER EXTRACTION\page 3.txt,518356,0.4943,2026-08-17 11:43:23,2026-08-17 11:49:22
File,INVENTORY ARTIFACT,project_inventory_2026-08-17_152352.csv,.csv,project_inventory_2026-08-17_152352.csv,C:\Users\PBA96B\OneDrive - AdventHealth\Documents\DATA LINK LAYER EXTRACTION\project_inventory_2026-08-17_152352.csv,3,0.0,2026-08-17 15:23:56,2026-08-17 15:23:56
File,INVENTORY ARTIFACT,project_tree_2026-08-17_152352.txt,.txt,project_tree_2026-08-17_152352.txt,C:\Users\PBA96B\OneDrive - AdventHealth\Documents\DATA LINK LAYER EXTRACTION\project_tree_2026-08-17_152352.txt,31,0.0,2026-08-17 15:23:56,2026-08-17 15:23:56
File,ACTIVE SANDBOX,sandbox_updated_v3.py,.py,sandbox_updated_v3.py,C:\Users\PBA96B\OneDrive - AdventHealth\Documents\DATA LINK LAYER EXTRACTION\sandbox_updated_v3.py,79737,0.076,2026-08-14 17:49:26,2026-08-17 01:24:45
File,EXCEL WORKBOOK,Vision 2030 Metrics_YTD June 2026 Report.xlsx,.xlsx,Vision 2030 Metrics_YTD June 2026 Report.xlsx,C:\Users\PBA96B\OneDrive - AdventHealth\Documents\DATA LINK LAYER EXTRACTION\Vision 2030 Metrics_YTD June 2026 Report.xlsx,142613,0.136,2026-08-14 12:33:52,2026-08-14 14:48:51
File,UNCLASSIFIED,vision 2030.txt,.txt,vision 2030.txt,C:\Users\PBA96B\OneDrive - AdventHealth\Documents\DATA LINK LAYER EXTRACTION\vision 2030.txt,13372091,12.7526,2026-07-22 12:20:17,2026-07-22 12:20:17
Directory,Directory,vision2030_certified_updater,,vision2030_certified_updater,C:\Users\PBA96B\OneDrive - AdventHealth\Documents\DATA LINK LAYER EXTRACTION\vision2030_certified_updater,0,0.0,2026-08-17 13:41:03,2026-08-17 13:42:00
File,ARCHIVE OR PACKAGE,vision2030_certified_updater.zip,.zip,vision2030_certified_updater.zip,C:\Users\PBA96B\OneDrive - AdventHealth\Documents\DATA LINK LAYER EXTRACTION\vision2030_certified_updater.zip,5575,0.0053,2026-08-17 13:40:56,2026-08-17 13:40:51
File,UNCLASSIFIED,INSTALL.txt,.txt,vision2030_certified_updater\INSTALL.txt,C:\Users\PBA96B\OneDrive - AdventHealth\Documents\DATA LINK LAYER EXTRACTION\vision2030_certified_updater\INSTALL.txt,220,0.0002,2026-08-17 17:40:38,2026-08-17 17:40:38
File,PYTHON SCRIPT,run_vision2030.py,.py,vision2030_certified_updater\run_vision2030.py,C:\Users\PBA96B\OneDrive - AdventHealth\Documents\DATA LINK LAYER EXTRACTION\vision2030_certified_updater\run_vision2030.py,12863,0.0123,2026-08-17 17:40:38,2026-08-17 17:40:38
Directory,Directory,vision2030_contemporary_site,,vision2030_contemporary_site,C:\Users\PBA96B\OneDrive - AdventHealth\Documents\DATA LINK LAYER EXTRACTION\vision2030_contemporary_site,0,0.0,2026-08-17 12:40:49,2026-08-17 15:01:12
File,ARCHIVE OR PACKAGE,vision2030_contemporary_site.zip,.zip,vision2030_contemporary_site.zip,C:\Users\PBA96B\OneDrive - AdventHealth\Documents\DATA LINK LAYER EXTRACTION\vision2030_contemporary_site.zip,364471,0.3476,2026-08-17 12:40:37,2026-08-17 12:40:31
File,ONE-TIME PATCH SCRIPT,apply_reset_and_reporting_labels.py,.py,vision2030_contemporary_site\apply_reset_and_reporting_labels.py,C:\Users\PBA96B\OneDrive - AdventHealth\Documents\DATA LINK LAYER EXTRACTION\vision2030_contemporary_site\apply_reset_and_reporting_labels.py,6029,0.0057,2026-08-17 14:58:21,2026-08-17 14:58:14
File,HTML FILE,briefing.html,.html,vision2030_contemporary_site\briefing.html,C:\Users\PBA96B\OneDrive - AdventHealth\Documents\DATA LINK LAYER EXTRACTION\vision2030_contemporary_site\briefing.html,3326482,3.1724,2026-08-17 15:01:12,2026-08-17 15:01:12
File,UNCLASSIFIED,briefing_selector_sections.txt,.txt,vision2030_contemporary_site\briefing_selector_sections.txt,C:\Users\PBA96B\OneDrive - AdventHealth\Documents\DATA LINK LAYER EXTRACTION\vision2030_contemporary_site\briefing_selector_sections.txt,230091,0.2194,2026-08-17 14:34:56,2026-08-17 14:34:56
File,HTML FILE,data_explorer.html,.html,vision2030_contemporary_site\data_explorer.html,C:\Users\PBA96B\OneDrive - AdventHealth\Documents\DATA LINK LAYER EXTRACTION\vision2030_contemporary_site\data_explorer.html,3359060,3.2034,2026-08-17 15:01:12,2026-08-17 15:01:12
Directory,Directory,generated,,vision2030_contemporary_site\generated,C:\Users\PBA96B\OneDrive - AdventHealth\Documents\DATA LINK LAYER EXTRACTION\vision2030_contemporary_site\generated,0,0.0,2026-08-17 14:09:01,2026-08-17 14:09:23
File,GENERATED WEBSITE ARTIFACT,scope_metric_audit.csv,.csv,vision2030_contemporary_site\generated\scope_metric_audit.csv,C:\Users\PBA96B\OneDrive - AdventHealth\Documents\DATA LINK LAYER EXTRACTION\vision2030_contemporary_site\generated\scope_metric_audit.csv,1160706,1.1069,2026-08-17 14:09:01,2026-08-17 15:01:12
File,GENERATED WEBSITE ARTIFACT,validation_summary.json,.json,vision2030_contemporary_site\generated\validation_summary.json,C:\Users\PBA96B\OneDrive - AdventHealth\Documents\DATA LINK LAYER EXTRACTION\vision2030_contemporary_site\generated\validation_summary.json,174,0.0002,2026-08-17 14:09:01,2026-08-17 15:01:12
File,HTML FILE,index.html,.html,vision2030_contemporary_site\index.html,C:\Users\PBA96B\OneDrive - AdventHealth\Documents\DATA LINK LAYER EXTRACTION\vision2030_contemporary_site\index.html,98,0.0001,2026-08-17 16:39:20,2026-08-17 16:39:20
File,HTML FILE,insights.html,.html,vision2030_contemporary_site\insights.html,C:\Users\PBA96B\OneDrive - AdventHealth\Documents\DATA LINK LAYER EXTRACTION\vision2030_contemporary_site\insights.html,3359060,3.2034,2026-08-17 15:01:12,2026-08-17 15:01:12
File,INSPECTION SCRIPT,inspect_briefing_selector.py,.py,vision2030_contemporary_site\inspect_briefing_selector.py,C:\Users\PBA96B\OneDrive - AdventHealth\Documents\DATA LINK LAYER EXTRACTION\vision2030_contemporary_site\inspect_briefing_selector.py,3097,0.003,2026-08-17 14:34:55,2026-08-17 14:34:55
File,PYTHON SCRIPT,patch_selector_metadata.py,.py,vision2030_contemporary_site\patch_selector_metadata.py,C:\Users\PBA96B\OneDrive - AdventHealth\Documents\DATA LINK LAYER EXTRACTION\vision2030_contemporary_site\patch_selector_metadata.py,6789,0.0065,2026-08-17 14:30:27,2026-08-17 14:30:27
File,UNCLASSIFIED,README.txt,.txt,vision2030_contemporary_site\README.txt,C:\Users\PBA96B\OneDrive - AdventHealth\Documents\DATA LINK LAYER EXTRACTION\vision2030_contemporary_site\README.txt,617,0.0006,2026-08-17 16:39:20,2026-08-17 16:39:20
Directory,Directory,reset_label_backups,,vision2030_contemporary_site\reset_label_backups,C:\Users\PBA96B\OneDrive - AdventHealth\Documents\DATA LINK LAYER EXTRACTION\vision2030_contemporary_site\reset_label_backups,0,0.0,2026-08-17 15:00:09,2026-08-17 15:00:49
Directory,Directory,2026-08-17_150009,,vision2030_contemporary_site\reset_label_backups\2026-08-17_150009,C:\Users\PBA96B\OneDrive - AdventHealth\Documents\DATA LINK LAYER EXTRACTION\vision2030_contemporary_site\reset_label_backups\2026-08-17_150009,0,0.0,2026-08-17 15:00:09,2026-08-17 15:00:49
File,ACTIVE WEBSITE RUNNER,run_vision2030.py,.py,vision2030_contemporary_site\reset_label_backups\2026-08-17_150009\run_vision2030.py,C:\Users\PBA96B\OneDrive - AdventHealth\Documents\DATA LINK LAYER EXTRACTION\vision2030_contemporary_site\reset_label_backups\2026-08-17_150009\run_vision2030.py,16945,0.0162,2026-08-17 15:00:09,2026-08-17 14:30:27
Directory,Directory,templates,,vision2030_contemporary_site\reset_label_backups\2026-08-17_150009\templates,C:\Users\PBA96B\OneDrive - AdventHealth\Documents\DATA LINK LAYER EXTRACTION\vision2030_contemporary_site\reset_label_backups\2026-08-17_150009\templates,0,0.0,2026-08-17 15:00:09,2026-08-17 15:00:49
File,ACTIVE WEBSITE TEMPLATE,briefing.html,.html,vision2030_contemporary_site\reset_label_backups\2026-08-17_150009\templates\briefing.html,C:\Users\PBA96B\OneDrive - AdventHealth\Documents\DATA LINK LAYER EXTRACTION\vision2030_contemporary_site\reset_label_backups\2026-08-17_150009\templates\briefing.html,484571,0.4621,2026-08-17 15:00:09,2026-08-17 14:46:36
File,ACTIVE WEBSITE TEMPLATE,data_explorer.html,.html,vision2030_contemporary_site\reset_label_backups\2026-08-17_150009\templates\data_explorer.html,C:\Users\PBA96B\OneDrive - AdventHealth\Documents\DATA LINK LAYER EXTRACTION\vision2030_contemporary_site\reset_label_backups\2026-08-17_150009\templates\data_explorer.html,517149,0.4932,2026-08-17 15:00:09,2026-08-17 14:46:36
File,ACTIVE WEBSITE TEMPLATE,insights.html,.html,vision2030_contemporary_site\reset_label_backups\2026-08-17_150009\templates\insights.html,C:\Users\PBA96B\OneDrive - AdventHealth\Documents\DATA LINK LAYER EXTRACTION\vision2030_contemporary_site\reset_label_backups\2026-08-17_150009\templates\insights.html,517149,0.4932,2026-08-17 15:00:09,2026-08-17 14:46:36
File,UNCLASSIFIED,run_local.ps1,.ps1,vision2030_contemporary_site\run_local.ps1,C:\Users\PBA96B\OneDrive - AdventHealth\Documents\DATA LINK LAYER EXTRACTION\vision2030_contemporary_site\run_local.ps1,210,0.0002,2026-08-17 16:39:20,2026-08-17 16:39:20
File,ACTIVE WEBSITE RUNNER,run_vision2030.py,.py,vision2030_contemporary_site\run_vision2030.py,C:\Users\PBA96B\OneDrive - AdventHealth\Documents\DATA LINK LAYER EXTRACTION\vision2030_contemporary_site\run_vision2030.py,16951,0.0162,2026-08-17 15:00:09,2026-08-17 15:00:09
File,RUNNER BACKUP,run_vision2030_backup_2026-08-17_135131.py,.py,vision2030_contemporary_site\run_vision2030_backup_2026-08-17_135131.py,C:\Users\PBA96B\OneDrive - AdventHealth\Documents\DATA LINK LAYER EXTRACTION\vision2030_contemporary_site\run_vision2030_backup_2026-08-17_135131.py,5976,0.0057,2026-08-17 13:51:32,2026-08-17 16:39:20
File,RUNNER BACKUP,run_vision2030_backup_2026-08-17_135156.py,.py,vision2030_contemporary_site\run_vision2030_backup_2026-08-17_135156.py,C:\Users\PBA96B\OneDrive - AdventHealth\Documents\DATA LINK LAYER EXTRACTION\vision2030_contemporary_site\run_vision2030_backup_2026-08-17_135156.py,5976,0.0057,2026-08-17 13:51:56,2026-08-17 16:39:20
File,RUNNER BACKUP,run_vision2030_backup_2026-08-17_135414.py,.py,vision2030_contemporary_site\run_vision2030_backup_2026-08-17_135414.py,C:\Users\PBA96B\OneDrive - AdventHealth\Documents\DATA LINK LAYER EXTRACTION\vision2030_contemporary_site\run_vision2030_backup_2026-08-17_135414.py,5976,0.0057,2026-08-17 13:54:16,2026-08-17 16:39:20
File,RUNNER BACKUP,run_vision2030_backup_2026-08-17_140857.py,.py,vision2030_contemporary_site\run_vision2030_backup_2026-08-17_140857.py,C:\Users\PBA96B\OneDrive - AdventHealth\Documents\DATA LINK LAYER EXTRACTION\vision2030_contemporary_site\run_vision2030_backup_2026-08-17_140857.py,5976,0.0057,2026-08-17 14:08:58,2026-08-17 16:39:20
Directory,Directory,runner_backups,,vision2030_contemporary_site\runner_backups,C:\Users\PBA96B\OneDrive - AdventHealth\Documents\DATA LINK LAYER EXTRACTION\vision2030_contemporary_site\runner_backups,0,0.0,2026-08-17 14:29:22,2026-08-17 14:29:48
File,RUNNER BACKUP,run_vision2030_2026-08-17_142922.py,.py,vision2030_contemporary_site\runner_backups\run_vision2030_2026-08-17_142922.py,C:\Users\PBA96B\OneDrive - AdventHealth\Documents\DATA LINK LAYER EXTRACTION\vision2030_contemporary_site\runner_backups\run_vision2030_2026-08-17_142922.py,13854,0.0132,2026-08-17 14:29:22,2026-08-17 17:47:06
Directory,Directory,template_backups,,vision2030_contemporary_site\template_backups,C:\Users\PBA96B\OneDrive - AdventHealth\Documents\DATA LINK LAYER EXTRACTION\vision2030_contemporary_site\template_backups,0,0.0,2026-08-17 14:27:46,2026-08-17 14:46:36
Directory,Directory,2026-08-17_142746,,vision2030_contemporary_site\template_backups\2026-08-17_142746,C:\Users\PBA96B\OneDrive - AdventHealth\Documents\DATA LINK LAYER EXTRACTION\vision2030_contemporary_site\template_backups\2026-08-17_142746,0,0.0,2026-08-17 14:27:46,2026-08-17 14:28:22
File,TEMPLATE BACKUP,briefing.html,.html,vision2030_contemporary_site\template_backups\2026-08-17_142746\briefing.html,C:\Users\PBA96B\OneDrive - AdventHealth\Documents\DATA LINK LAYER EXTRACTION\vision2030_contemporary_site\template_backups\2026-08-17_142746\briefing.html,485778,0.4633,2026-08-17 14:27:46,2026-08-17 16:20:34
File,TEMPLATE BACKUP,data_explorer.html,.html,vision2030_contemporary_site\template_backups\2026-08-17_142746\data_explorer.html,C:\Users\PBA96B\OneDrive - AdventHealth\Documents\DATA LINK LAYER EXTRACTION\vision2030_contemporary_site\template_backups\2026-08-17_142746\data_explorer.html,518356,0.4943,2026-08-17 14:27:46,2026-08-17 16:20:34
File,TEMPLATE BACKUP,insights.html,.html,vision2030_contemporary_site\template_backups\2026-08-17_142746\insights.html,C:\Users\PBA96B\OneDrive - AdventHealth\Documents\DATA LINK LAYER EXTRACTION\vision2030_contemporary_site\template_backups\2026-08-17_142746\insights.html,518356,0.4943,2026-08-17 14:27:46,2026-08-17 16:20:34
Directory,Directory,2026-08-17_142842,,vision2030_contemporary_site\template_backups\2026-08-17_142842,C:\Users\PBA96B\OneDrive - AdventHealth\Documents\DATA LINK LAYER EXTRACTION\vision2030_contemporary_site\template_backups\2026-08-17_142842,0,0.0,2026-08-17 14:28:42,2026-08-17 14:29:04
File,TEMPLATE BACKUP,briefing.html,.html,vision2030_contemporary_site\template_backups\2026-08-17_142842\briefing.html,C:\Users\PBA96B\OneDrive - AdventHealth\Documents\DATA LINK LAYER EXTRACTION\vision2030_contemporary_site\template_backups\2026-08-17_142842\briefing.html,485778,0.4633,2026-08-17 14:28:42,2026-08-17 16:20:34
File,TEMPLATE BACKUP,data_explorer.html,.html,vision2030_contemporary_site\template_backups\2026-08-17_142842\data_explorer.html,C:\Users\PBA96B\OneDrive - AdventHealth\Documents\DATA LINK LAYER EXTRACTION\vision2030_contemporary_site\template_backups\2026-08-17_142842\data_explorer.html,518356,0.4943,2026-08-17 14:28:42,2026-08-17 16:20:34
File,TEMPLATE BACKUP,insights.html,.html,vision2030_contemporary_site\template_backups\2026-08-17_142842\insights.html,C:\Users\PBA96B\OneDrive - AdventHealth\Documents\DATA LINK LAYER EXTRACTION\vision2030_contemporary_site\template_backups\2026-08-17_142842\insights.html,518356,0.4943,2026-08-17 14:28:42,2026-08-17 16:20:34
Directory,Directory,2026-08-17_144636_pre_cascade,,vision2030_contemporary_site\template_backups\2026-08-17_144636_pre_cascade,C:\Users\PBA96B\OneDrive - AdventHealth\Documents\DATA LINK LAYER EXTRACTION\vision2030_contemporary_site\template_backups\2026-08-17_144636_pre_cascade,0,0.0,2026-08-17 14:46:36,2026-08-17 14:47:02
File,TEMPLATE BACKUP,briefing.html,.html,vision2030_contemporary_site\template_backups\2026-08-17_144636_pre_cascade\briefing.html,C:\Users\PBA96B\OneDrive - AdventHealth\Documents\DATA LINK LAYER EXTRACTION\vision2030_contemporary_site\template_backups\2026-08-17_144636_pre_cascade\briefing.html,485778,0.4633,2026-08-17 14:46:36,2026-08-17 16:20:34
File,TEMPLATE BACKUP,data_explorer.html,.html,vision2030_contemporary_site\template_backups\2026-08-17_144636_pre_cascade\data_explorer.html,C:\Users\PBA96B\OneDrive - AdventHealth\Documents\DATA LINK LAYER EXTRACTION\vision2030_contemporary_site\template_backups\2026-08-17_144636_pre_cascade\data_explorer.html,518356,0.4943,2026-08-17 14:46:36,2026-08-17 16:20:34
File,TEMPLATE BACKUP,insights.html,.html,vision2030_contemporary_site\template_backups\2026-08-17_144636_pre_cascade\insights.html,C:\Users\PBA96B\OneDrive - AdventHealth\Documents\DATA LINK LAYER EXTRACTION\vision2030_contemporary_site\template_backups\2026-08-17_144636_pre_cascade\insights.html,518356,0.4943,2026-08-17 14:46:36,2026-08-17 16:20:34
Directory,Directory,templates,,vision2030_contemporary_site\templates,C:\Users\PBA96B\OneDrive - AdventHealth\Documents\DATA LINK LAYER EXTRACTION\vision2030_contemporary_site\templates,0,0.0,2026-08-17 12:40:49,2026-08-17 15:00:09
File,ACTIVE WEBSITE TEMPLATE,briefing.html,.html,vision2030_contemporary_site\templates\briefing.html,C:\Users\PBA96B\OneDrive - AdventHealth\Documents\DATA LINK LAYER EXTRACTION\vision2030_contemporary_site\templates\briefing.html,485204,0.4627,2026-08-17 15:00:09,2026-08-17 15:00:09
File,ACTIVE WEBSITE TEMPLATE,data_explorer.html,.html,vision2030_contemporary_site\templates\data_explorer.html,C:\Users\PBA96B\OneDrive - AdventHealth\Documents\DATA LINK LAYER EXTRACTION\vision2030_contemporary_site\templates\data_explorer.html,517782,0.4938,2026-08-17 15:00:09,2026-08-17 15:00:09
File,ACTIVE WEBSITE TEMPLATE,insights.html,.html,vision2030_contemporary_site\templates\insights.html,C:\Users\PBA96B\OneDrive - AdventHealth\Documents\DATA LINK LAYER EXTRACTION\vision2030_contemporary_site\templates\insights.html,517782,0.4938,2026-08-17 15:00:09,2026-08-17 15:00:09
Directory,Directory,vision2030_dynamic_site,,vision2030_dynamic_site,C:\Users\PBA96B\OneDrive - AdventHealth\Documents\DATA LINK LAYER EXTRACTION\vision2030_dynamic_site,0,0.0,2026-08-17 12:24:26,2026-08-17 12:24:49
File,ARCHIVE OR PACKAGE,vision2030_dynamic_site.zip,.zip,vision2030_dynamic_site.zip,C:\Users\PBA96B\OneDrive - AdventHealth\Documents\DATA LINK LAYER EXTRACTION\vision2030_dynamic_site.zip,371748,0.3545,2026-08-17 12:24:15,2026-08-17 12:24:10
File,HTML FILE,briefing.html,.html,vision2030_dynamic_site\briefing.html,C:\Users\PBA96B\OneDrive - AdventHealth\Documents\DATA LINK LAYER EXTRACTION\vision2030_dynamic_site\briefing.html,302,0.0003,2026-08-17 16:20:42,2026-08-17 16:20:42
File,HTML FILE,data_explorer.html,.html,vision2030_dynamic_site\data_explorer.html,C:\Users\PBA96B\OneDrive - AdventHealth\Documents\DATA LINK LAYER EXTRACTION\vision2030_dynamic_site\data_explorer.html,297,0.0003,2026-08-17 16:20:42,2026-08-17 16:20:42
Directory,Directory,generated,,vision2030_dynamic_site\generated,C:\Users\PBA96B\OneDrive - AdventHealth\Documents\DATA LINK LAYER EXTRACTION\vision2030_dynamic_site\generated,0,0.0,2026-08-17 12:24:26,2026-08-17 12:25:09
File,GENERATED WEBSITE ARTIFACT,website_data.json,.json,vision2030_dynamic_site\generated\website_data.json,C:\Users\PBA96B\OneDrive - AdventHealth\Documents\DATA LINK LAYER EXTRACTION\vision2030_dynamic_site\generated\website_data.json,3293286,3.1407,2026-08-17 12:25:09,2026-08-17 12:25:09
File,HTML FILE,index.html,.html,vision2030_dynamic_site\index.html,C:\Users\PBA96B\OneDrive - AdventHealth\Documents\DATA LINK LAYER EXTRACTION\vision2030_dynamic_site\index.html,98,0.0001,2026-08-17 16:20:42,2026-08-17 16:20:42
File,HTML FILE,insights.html,.html,vision2030_dynamic_site\insights.html,C:\Users\PBA96B\OneDrive - AdventHealth\Documents\DATA LINK LAYER EXTRACTION\vision2030_dynamic_site\insights.html,300,0.0003,2026-08-17 16:20:42,2026-08-17 16:20:42
Directory,Directory,legacy,,vision2030_dynamic_site\legacy,C:\Users\PBA96B\OneDrive - AdventHealth\Documents\DATA LINK LAYER EXTRACTION\vision2030_dynamic_site\legacy,0,0.0,2026-08-17 12:24:26,2026-08-17 12:24:47
File,HTML FILE,briefing.html,.html,vision2030_dynamic_site\legacy\briefing.html,C:\Users\PBA96B\OneDrive - AdventHealth\Documents\DATA LINK LAYER EXTRACTION\vision2030_dynamic_site\legacy\briefing.html,485778,0.4633,2026-08-17 16:20:34,2026-08-17 16:20:34
File,HTML FILE,data_explorer.html,.html,vision2030_dynamic_site\legacy\data_explorer.html,C:\Users\PBA96B\OneDrive - AdventHealth\Documents\DATA LINK LAYER EXTRACTION\vision2030_dynamic_site\legacy\data_explorer.html,518356,0.4943,2026-08-17 16:20:34,2026-08-17 16:20:34
File,HTML FILE,insights.html,.html,vision2030_dynamic_site\legacy\insights.html,C:\Users\PBA96B\OneDrive - AdventHealth\Documents\DATA LINK LAYER EXTRACTION\vision2030_dynamic_site\legacy\insights.html,518356,0.4943,2026-08-17 16:20:34,2026-08-17 16:20:34
File,UNCLASSIFIED,README.txt,.txt,vision2030_dynamic_site\README.txt,C:\Users\PBA96B\OneDrive - AdventHealth\Documents\DATA LINK LAYER EXTRACTION\vision2030_dynamic_site\README.txt,553,0.0005,2026-08-17 16:20:42,2026-08-17 16:20:42
File,UNCLASSIFIED,run_local.ps1,.ps1,vision2030_dynamic_site\run_local.ps1,C:\Users\PBA96B\OneDrive - AdventHealth\Documents\DATA LINK LAYER EXTRACTION\vision2030_dynamic_site\run_local.ps1,234,0.0002,2026-08-17 16:20:42,2026-08-17 16:20:42
File,PYTHON SCRIPT,run_vision2030.py,.py,vision2030_dynamic_site\run_vision2030.py,C:\Users\PBA96B\OneDrive - AdventHealth\Documents\DATA LINK LAYER EXTRACTION\vision2030_dynamic_site\run_vision2030.py,11532,0.011,2026-08-17 16:22:10,2026-08-17 16:22:10
File,UNCLASSIFIED,site.css,.css,vision2030_dynamic_site\site.css,C:\Users\PBA96B\OneDrive - AdventHealth\Documents\DATA LINK LAYER EXTRACTION\vision2030_dynamic_site\site.css,4099,0.0039,2026-08-17 16:20:42,2026-08-17 16:20:42
File,UNCLASSIFIED,site.js,.js,vision2030_dynamic_site\site.js,C:\Users\PBA96B\OneDrive - AdventHealth\Documents\DATA LINK LAYER EXTRACTION\vision2030_dynamic_site\site.js,6902,0.0066,2026-08-17 16:20:42,2026-08-17 16:20:42
File,PYTHON SCRIPT,start_server.py,.py,vision2030_dynamic_site\start_server.py,C:\Users\PBA96B\OneDrive - AdventHealth\Documents\DATA LINK LAYER EXTRACTION\vision2030_dynamic_site\start_server.py,746,0.0007,2026-08-17 16:20:34,2026-08-17 16:20:34
File,LOCKED MAIN EXTRACTOR,vision2030_extraction.py,.py,vision2030_extraction.py,C:\Users\PBA96B\OneDrive - AdventHealth\Documents\DATA LINK LAYER EXTRACTION\vision2030_extraction.py,79737,0.076,2026-07-22 13:10:33,2026-08-17 01:46:33
Directory,Directory,vision2030_static_site,,vision2030_static_site,C:\Users\PBA96B\OneDrive - AdventHealth\Documents\DATA LINK LAYER EXTRACTION\vision2030_static_site,0,0.0,2026-08-17 11:55:39,2026-08-17 11:56:07
File,ARCHIVE OR PACKAGE,vision2030_static_site.zip,.zip,vision2030_static_site.zip,C:\Users\PBA96B\OneDrive - AdventHealth\Documents\DATA LINK LAYER EXTRACTION\vision2030_static_site.zip,363465,0.3466,2026-08-17 11:55:32,2026-08-17 11:55:25
File,HTML FILE,briefing.html,.html,vision2030_static_site\briefing.html,C:\Users\PBA96B\OneDrive - AdventHealth\Documents\DATA LINK LAYER EXTRACTION\vision2030_static_site\briefing.html,485778,0.4633,2026-08-17 15:51:46,2026-08-17 15:51:46
File,HTML FILE,data_explorer.html,.html,vision2030_static_site\data_explorer.html,C:\Users\PBA96B\OneDrive - AdventHealth\Documents\DATA LINK LAYER EXTRACTION\vision2030_static_site\data_explorer.html,518356,0.4943,2026-08-17 15:51:46,2026-08-17 15:51:46
File,HTML FILE,index.html,.html,vision2030_static_site\index.html,C:\Users\PBA96B\OneDrive - AdventHealth\Documents\DATA LINK LAYER EXTRACTION\vision2030_static_site\index.html,349,0.0003,2026-08-17 15:51:46,2026-08-17 15:51:46
File,HTML FILE,insights.html,.html,vision2030_static_site\insights.html,C:\Users\PBA96B\OneDrive - AdventHealth\Documents\DATA LINK LAYER EXTRACTION\vision2030_static_site\insights.html,518356,0.4943,2026-08-17 15:51:46,2026-08-17 15:51:46
File,UNCLASSIFIED,README.txt,.txt,vision2030_static_site\README.txt,C:\Users\PBA96B\OneDrive - AdventHealth\Documents\DATA LINK LAYER EXTRACTION\vision2030_static_site\README.txt,506,0.0005,2026-08-17 15:51:46,2026-08-17 15:51:46
File,UNCLASSIFIED,run_local.ps1,.ps1,vision2030_static_site\run_local.ps1,C:\Users\PBA96B\OneDrive - AdventHealth\Documents\DATA LINK LAYER EXTRACTION\vision2030_static_site\run_local.ps1,258,0.0002,2026-08-17 15:51:46,2026-08-17 15:51:46
File,PYTHON SCRIPT,start_server.py,.py,vision2030_static_site\start_server.py,C:\Users\PBA96B\OneDrive - AdventHealth\Documents\DATA LINK LAYER EXTRACTION\vision2030_static_site\start_server.py,746,0.0007,2026-08-17 15:51:46,2026-08-17 15:51:46
